fold,epoch,train_loss,train_acc,val_loss,val_acc,val_macro_f1
1,1,4.719172,0.2343,1.443438,0.4640,0.3341
1,2,2.600320,0.3154,1.348638,0.5405,0.3503
1,3,2.279440,0.3732,1.279195,0.5856,0.3587
1,4,2.127496,0.4193,1.258931,0.5946,0.3637
1,5,2.056869,0.4411,1.216431,0.5721,0.3419
1,6,1.978261,0.4746,1.201026,0.5766,0.3587
1,7,1.923934,0.4854,1.161992,0.5901,0.3455
1,8,1.864656,0.5150,1.139655,0.5901,0.3547
1,9,1.804428,0.5500,1.119561,0.5856,0.3897
1,10,1.763505,0.5439,1.109793,0.6081,0.4143
1,11,1.705243,0.5857,1.113336,0.5811,0.3704
1,12,1.644195,0.6068,1.099605,0.5811,0.3892
1,13,1.573499,0.6236,1.110131,0.5586,0.3404
1,14,1.538978,0.6529,1.096946,0.5811,0.4112
1,15,1.504912,0.6507,1.094697,0.5586,0.3726
1,16,1.473590,0.6625,1.129196,0.5856,0.4208
1,17,1.438921,0.6875,1.078593,0.5946,0.4086
1,18,1.373179,0.7046,1.111187,0.5766,0.3911
1,19,1.372640,0.7032,1.100019,0.5676,0.3841
1,20,1.349833,0.7161,1.112419,0.5495,0.3619
1,21,1.303944,0.7136,1.076706,0.5946,0.3848
1,22,1.246008,0.7418,1.106429,0.5856,0.3893
1,23,1.246922,0.7454,1.129439,0.5766,0.4016
1,24,1.217330,0.7632,1.114226,0.5721,0.3940
1,25,1.197717,0.7607,1.116848,0.5766,0.3862
1,26,1.173667,0.7732,1.102615,0.5946,0.4062
1,27,1.154992,0.7746,1.099494,0.6036,0.4130
1,28,1.140882,0.7825,1.170746,0.5811,0.4083
1,29,1.110214,0.7907,1.160636,0.5631,0.3589
1,30,1.101664,0.7914,1.119719,0.6171,0.4145
1,31,1.084168,0.8000,1.170332,0.5856,0.3919
1,32,1.092574,0.8032,1.134110,0.5991,0.3874
1,33,1.060040,0.8025,1.178363,0.5766,0.3757
1,34,1.050510,0.8150,1.165154,0.5946,0.3620
1,35,1.028692,0.8221,1.153175,0.5901,0.3643
1,36,1.033444,0.8200,1.163923,0.5766,0.3806
1,37,1.015960,0.8268,1.186215,0.5721,0.3801
1,38,1.001238,0.8329,1.214419,0.5631,0.3679
1,39,0.986819,0.8389,1.202681,0.5991,0.3869
1,40,0.985840,0.8268,1.192698,0.5946,0.3823
1,41,1.004044,0.8243,1.210945,0.5991,0.3843
1,42,0.956998,0.8389,1.221329,0.5766,0.3679
1,43,0.964779,0.8368,1.251590,0.5586,0.3705
1,44,0.951695,0.8418,1.252790,0.5901,0.3945
1,45,0.949643,0.8454,1.266577,0.5721,0.3487
1,46,0.965476,0.8382,1.230607,0.5991,0.3873
2,1,5.216348,0.2364,1.413788,0.3982,0.2559
2,2,2.653634,0.3282,1.310556,0.4751,0.2473
2,3,2.302332,0.3839,1.206632,0.5701,0.2764
2,4,2.104137,0.4293,1.210768,0.5792,0.2894
2,5,1.966395,0.4729,1.208495,0.5792,0.2962
2,6,1.920978,0.4982,1.184383,0.5928,0.3104
2,7,1.850698,0.5289,1.160527,0.6018,0.3369
2,8,1.771717,0.5468,1.129511,0.6063,0.3297
2,9,1.700010,0.5625,1.145713,0.5928,0.3471
2,10,1.682359,0.5750,1.092965,0.5928,0.3120
2,11,1.627115,0.5943,1.107073,0.5928,0.3168
2,12,1.582944,0.6218,1.157228,0.5701,0.3243
2,13,1.524619,0.6404,1.152669,0.5837,0.3450
2,14,1.515668,0.6454,1.128720,0.5792,0.3233
2,15,1.476788,0.6543,1.100263,0.6018,0.3329
2,16,1.458398,0.6557,1.114300,0.5973,0.3486
2,17,1.415430,0.6821,1.129823,0.5837,0.3313
2,18,1.382676,0.6807,1.115455,0.5882,0.3327
2,19,1.367849,0.6964,1.095337,0.6018,0.3314
2,20,1.334253,0.7161,1.147493,0.5928,0.3396
2,21,1.293543,0.7164,1.118079,0.6109,0.3474
2,22,1.282065,0.7254,1.141818,0.6018,0.3402
2,23,1.255341,0.7407,1.143011,0.5928,0.3476
2,24,1.228497,0.7421,1.136382,0.5882,0.3317
2,25,1.214662,0.7557,1.138154,0.6199,0.3586
2,26,1.201940,0.7579,1.140832,0.6244,0.3420
2,27,1.193008,0.7604,1.133828,0.6425,0.3650
2,28,1.167736,0.7718,1.149164,0.6380,0.3704
2,29,1.135891,0.7775,1.176381,0.6109,0.3562
2,30,1.128633,0.7700,1.142189,0.6425,0.3618
2,31,1.107407,0.7882,1.142427,0.6335,0.3518
2,32,1.097665,0.7857,1.160793,0.6380,0.3625
2,33,1.084082,0.7911,1.157088,0.6471,0.3759
2,34,1.070479,0.8039,1.179922,0.6244,0.3617
2,35,1.096133,0.7968,1.178607,0.6290,0.3839
2,36,1.054492,0.8089,1.176039,0.6425,0.3671
2,37,1.055746,0.8082,1.180140,0.6335,0.4000
2,38,1.022806,0.8250,1.202881,0.6335,0.3820
2,39,1.025681,0.8168,1.188192,0.6516,0.4052
2,40,1.015394,0.8218,1.166861,0.6471,0.3868
2,41,0.998093,0.8225,1.209272,0.6199,0.3962
2,42,1.003184,0.8204,1.178650,0.6425,0.4010
2,43,0.984621,0.8325,1.174881,0.6471,0.3823
2,44,0.978400,0.8364,1.188725,0.6380,0.3840
2,45,0.960284,0.8439,1.184221,0.6244,0.3547
2,46,0.952730,0.8432,1.181762,0.6516,0.3841
2,47,0.969321,0.8421,1.190676,0.6380,0.3865
2,48,0.954907,0.8396,1.202079,0.6516,0.4179
2,49,0.935914,0.8546,1.176888,0.6516,0.3946
2,50,0.920088,0.8518,1.167521,0.6425,0.3964
2,51,0.942342,0.8468,1.194140,0.6516,0.3856
2,52,0.910892,0.8586,1.196067,0.6652,0.4265
2,53,0.927009,0.8475,1.204840,0.6335,0.3742
2,54,0.934682,0.8579,1.218274,0.6244,0.3578
2,55,0.908569,0.8546,1.188197,0.6244,0.3425
2,56,0.904901,0.8571,1.208924,0.6335,0.3838
2,57,0.886807,0.8614,1.209097,0.6380,0.3715
2,58,0.906638,0.8604,1.193105,0.6516,0.4106
2,59,0.911857,0.8529,1.202411,0.6199,0.3590
2,60,0.896473,0.8546,1.211508,0.6471,0.4063
2,61,0.880133,0.8621,1.201595,0.6516,0.3922
2,62,0.892669,0.8625,1.219604,0.6380,0.3936
2,63,0.872762,0.8704,1.227162,0.6154,0.3683
2,64,0.879534,0.8643,1.222035,0.6652,0.3968
2,65,0.880825,0.8732,1.225639,0.6425,0.3853
2,66,0.882391,0.8689,1.198293,0.6244,0.3641
2,67,0.869466,0.8732,1.235846,0.6471,0.3971
2,68,0.862008,0.8725,1.255300,0.6244,0.3706
2,69,0.876890,0.8664,1.237438,0.6380,0.3706
2,70,0.868400,0.8682,1.224614,0.6290,0.3689
2,71,0.871696,0.8736,1.225292,0.6516,0.3963
2,72,0.850680,0.8796,1.234805,0.6380,0.3916
2,73,0.847753,0.8800,1.271301,0.6109,0.3567
2,74,0.853495,0.8743,1.255396,0.6109,0.3376
2,75,0.848918,0.8793,1.247548,0.6244,0.3685
2,76,0.850493,0.8761,1.269402,0.6199,0.3318
2,77,0.844331,0.8811,1.232645,0.6290,0.3404
2,78,0.836800,0.8825,1.238505,0.6290,0.3581
2,79,0.842006,0.8807,1.214583,0.6335,0.3719
2,80,0.834853,0.8811,1.226808,0.6199,0.3856
2,81,0.842144,0.8786,1.242586,0.6290,0.4052
2,82,0.828690,0.8879,1.221631,0.6425,0.3916
3,1,4.738645,0.2561,1.434676,0.4292,0.2858
3,2,2.624332,0.3243,1.365649,0.5114,0.3229
3,3,2.293573,0.3646,1.313518,0.5342,0.3133
3,4,2.152721,0.3904,1.272218,0.5845,0.3500
3,5,2.073550,0.4332,1.154541,0.5845,0.3340
3,6,2.011020,0.4546,1.176797,0.5434,0.3325
3,7,1.933017,0.4929,1.092616,0.5616,0.3261
3,8,1.886179,0.5107,1.088960,0.5890,0.3619
3,9,1.823039,0.5436,1.060992,0.5890,0.3571
3,10,1.810973,0.5296,1.094628,0.5982,0.3826
3,11,1.738185,0.5636,1.060128,0.5936,0.3722
3,12,1.717530,0.5739,1.074370,0.5982,0.3978
3,13,1.649702,0.6029,1.000888,0.6347,0.3755
3,14,1.611155,0.6186,1.026286,0.6484,0.4101
3,15,1.585458,0.6193,1.014590,0.6484,0.3860
3,16,1.497850,0.6493,1.017594,0.6530,0.4329
3,17,1.470145,0.6621,0.994692,0.6621,0.4245
3,18,1.438038,0.6750,0.995950,0.6575,0.3996
3,19,1.388419,0.6879,1.016955,0.6621,0.4084
3,20,1.362958,0.6986,0.998466,0.6530,0.3997
3,21,1.346066,0.7121,1.045891,0.6393,0.3993
3,22,1.317093,0.7111,1.002515,0.6804,0.4246
3,23,1.297908,0.7179,1.018281,0.6758,0.4280
3,24,1.264143,0.7389,1.012213,0.6621,0.4061
3,25,1.219521,0.7386,1.009381,0.6804,0.4187
3,26,1.237559,0.7339,1.028952,0.6575,0.4136
3,27,1.210048,0.7554,1.040327,0.6621,0.4444
3,28,1.191622,0.7614,1.040711,0.6438,0.3948
3,29,1.166165,0.7736,1.042150,0.6484,0.3703
3,30,1.141968,0.7764,1.013822,0.6575,0.4205
3,31,1.144578,0.7693,1.034342,0.6530,0.4082
3,32,1.124486,0.7743,1.049676,0.6621,0.4095
3,33,1.092522,0.7957,1.091177,0.6073,0.3212
3,34,1.095068,0.7893,1.063180,0.6530,0.3821
3,35,1.093675,0.7811,1.081010,0.6438,0.3521
3,36,1.067620,0.7979,1.084648,0.6484,0.3861
3,37,1.081859,0.7929,1.098738,0.6530,0.3934
3,38,1.044162,0.8150,1.104363,0.6256,0.3770
3,39,1.018767,0.8050,1.070928,0.6621,0.3854
3,40,1.032231,0.8125,1.058403,0.6347,0.3506
3,41,1.018037,0.8189,1.060450,0.6438,0.3711
3,42,1.024987,0.8154,1.119949,0.6393,0.3758
3,43,1.027375,0.8125,1.115589,0.6393,0.3625
3,44,1.007717,0.8086,1.089423,0.6530,0.3687
3,45,1.009872,0.8118,1.088934,0.6393,0.3510
3,46,0.996421,0.8236,1.097773,0.6575,0.3660
3,47,0.956037,0.8429,1.088129,0.6301,0.3462
3,48,0.951012,0.8411,1.096323,0.6484,0.3625
3,49,0.957883,0.8411,1.110155,0.6256,0.3472
3,50,0.952848,0.8375,1.081017,0.6393,0.3607
3,51,0.942545,0.8421,1.101359,0.6621,0.3911
3,52,0.925157,0.8575,1.096018,0.6530,0.3876
3,53,0.913931,0.8514,1.107219,0.6347,0.3637
3,54,0.909214,0.8546,1.058005,0.6438,0.3784
3,55,0.925312,0.8561,1.084206,0.6530,0.3956
3,56,0.926598,0.8525,1.128778,0.6393,0.3911
3,57,0.920153,0.8543,1.110730,0.6347,0.3613
4,1,4.617017,0.2661,1.427269,0.4174,0.2811
4,2,2.572311,0.3218,1.302349,0.5321,0.2947
4,3,2.226314,0.3793,1.212646,0.6101,0.3231
4,4,2.132935,0.4154,1.134808,0.6193,0.3054
4,5,2.022475,0.4479,1.133146,0.6055,0.3122
4,6,1.911879,0.4918,1.136831,0.6101,0.3380
4,7,1.859566,0.5121,1.109607,0.5963,0.3625
4,8,1.816101,0.5229,1.125370,0.5734,0.3595
4,9,1.727565,0.5621,1.124104,0.5917,0.3697
4,10,1.693359,0.5786,1.080083,0.6101,0.3820
4,11,1.677566,0.5800,1.070716,0.6468,0.3965
4,12,1.623359,0.6143,1.093011,0.6376,0.3952
4,13,1.549920,0.6354,1.083445,0.6147,0.3679
4,14,1.519199,0.6489,1.102162,0.6376,0.3710
4,15,1.472942,0.6596,1.115532,0.6101,0.3514
4,16,1.451688,0.6675,1.130030,0.6284,0.3438
4,17,1.410394,0.6864,1.147219,0.6101,0.3376
4,18,1.379221,0.7029,1.138805,0.5917,0.3358
4,19,1.357440,0.7014,1.138823,0.6193,0.3479
4,20,1.317431,0.7154,1.168450,0.6009,0.3478
4,21,1.264731,0.7336,1.155518,0.6284,0.3516
4,22,1.252035,0.7454,1.187669,0.6330,0.3618
4,23,1.225696,0.7589,1.180360,0.6239,0.3500
4,24,1.210954,0.7518,1.247498,0.5826,0.3194
4,25,1.174869,0.7682,1.218323,0.6147,0.3424
4,26,1.176983,0.7589,1.198231,0.5963,0.3080
4,27,1.144688,0.7796,1.268740,0.5826,0.3400
4,28,1.129640,0.7796,1.235820,0.5780,0.3280
4,29,1.113755,0.7896,1.246156,0.6101,0.3459
4,30,1.085505,0.7918,1.225197,0.6284,0.3575
4,31,1.083138,0.7871,1.263386,0.6055,0.3398
4,32,1.073650,0.8029,1.272679,0.5780,0.3169
4,33,1.046285,0.8118,1.263064,0.5963,0.3282
4,34,1.044748,0.8075,1.284303,0.5917,0.3183
4,35,1.017543,0.8243,1.289562,0.5917,0.3127
4,36,1.037078,0.8146,1.341523,0.5459,0.3031
4,37,1.002491,0.8093,1.240796,0.6009,0.3069
4,38,0.982357,0.8368,1.327723,0.5734,0.3146
4,39,1.010297,0.8189,1.329499,0.5872,0.3234
4,40,0.967092,0.8421,1.322432,0.5872,0.3258
4,41,0.957554,0.8371,1.301934,0.5780,0.3150
5,1,4.820615,0.2432,1.503643,0.3624,0.2145
5,2,2.693778,0.3279,1.374059,0.4817,0.2642
5,3,2.280665,0.3911,1.269020,0.6009,0.3396
5,4,2.158295,0.4014,1.265700,0.5963,0.3545
5,5,2.028477,0.4357,1.174078,0.6376,0.3784
5,6,1.958364,0.4743,1.139485,0.6560,0.3902
5,7,1.922194,0.5011,1.143951,0.6376,0.3600
5,8,1.843227,0.5232,1.152185,0.6514,0.4378
5,9,1.799515,0.5229,1.122140,0.6422,0.3912
5,10,1.725263,0.5561,1.133783,0.6055,0.3696
5,11,1.665664,0.5868,1.099832,0.6514,0.4041
5,12,1.667613,0.5879,1.112287,0.6147,0.3712
5,13,1.578725,0.6207,1.086510,0.6101,0.3534
5,14,1.577348,0.6296,1.076242,0.6468,0.3941
5,15,1.507992,0.6454,1.095068,0.6147,0.3776
5,16,1.511270,0.6546,1.090250,0.6193,0.3711
5,17,1.455612,0.6686,1.090284,0.6055,0.3751
5,18,1.415111,0.6754,1.080187,0.6193,0.3369
5,19,1.399352,0.6886,1.104408,0.6239,0.3557
5,20,1.371339,0.7029,1.116264,0.6009,0.3427
5,21,1.339618,0.7093,1.116387,0.6147,0.3616
5,22,1.280969,0.7304,1.135997,0.5780,0.3325
5,23,1.284559,0.7325,1.120576,0.5963,0.3748
5,24,1.260993,0.7436,1.119348,0.5963,0.3435
5,25,1.232170,0.7486,1.122313,0.6193,0.3339
5,26,1.199186,0.7564,1.139415,0.6009,0.3455
5,27,1.192284,0.7593,1.129432,0.6193,0.3730
5,28,1.179041,0.7646,1.141150,0.6055,0.3685
5,29,1.164040,0.7789,1.155854,0.6055,0.3823
5,30,1.149303,0.7757,1.146884,0.6009,0.3606
5,31,1.131518,0.7836,1.181895,0.6147,0.3910
5,32,1.099238,0.7907,1.170017,0.5734,0.3766
5,33,1.087528,0.7939,1.196770,0.5826,0.3607
5,34,1.091571,0.8046,1.179268,0.5963,0.3790
5,35,1.070948,0.8150,1.187891,0.5780,0.3473
5,36,1.057911,0.8068,1.209668,0.6055,0.3710
5,37,1.031805,0.8186,1.222841,0.6284,0.3591
5,38,1.047005,0.8054,1.235642,0.5780,0.3303
