class,threshold,precision,recall
0,1.0000,1.000000,0.000000
0,0.9900,0.700000,0.010189
0,0.9800,0.800000,0.029112
0,0.9700,0.848485,0.040757
0,0.9600,0.878049,0.052402
0,0.9500,0.893617,0.061135
0,0.9400,0.916667,0.080058
0,0.9300,0.906667,0.098981
0,0.9200,0.911111,0.119360
0,0.9100,0.913462,0.138282
0,0.9000,0.904348,0.151383
0,0.8900,0.905512,0.167394
0,0.8800,0.911765,0.180495
0,0.8700,0.907285,0.199418
0,0.8600,0.909677,0.205240
0,0.8500,0.901235,0.212518
0,0.8400,0.883041,0.219796
0,0.8300,0.887640,0.229985
0,0.8200,0.881081,0.237263
0,0.8100,0.886598,0.250364
0,0.8000,0.888889,0.267831
0,0.7900,0.884793,0.279476
0,0.7800,0.884444,0.289665
0,0.7700,0.878261,0.294032
0,0.7600,0.884298,0.311499
0,0.7500,0.883534,0.320233
0,0.7400,0.886364,0.340611
0,0.7300,0.887681,0.356623
0,0.7200,0.887324,0.366812
0,0.7100,0.888889,0.372635
0,0.7000,0.892617,0.387191
0,0.6900,0.893688,0.391557
0,0.6800,0.892063,0.409025
0,0.6700,0.892308,0.422125
0,0.6600,0.891892,0.432314
0,0.6500,0.887608,0.448326
0,0.6400,0.884181,0.455604
0,0.6300,0.877717,0.470160
0,0.6200,0.875332,0.480349
0,0.6100,0.875000,0.489083
0,0.6000,0.871795,0.494905
0,0.5900,0.870647,0.509461
0,0.5800,0.870098,0.516739
0,0.5700,0.864608,0.529840
0,0.5600,0.860140,0.537118
0,0.5500,0.859410,0.551674
0,0.5400,0.855234,0.558952
0,0.5300,0.854664,0.573508
0,0.5200,0.854077,0.579330
0,0.5100,0.857442,0.595342
0,0.5000,0.858316,0.608442
0,0.4900,0.859155,0.621543
0,0.4800,0.854043,0.630277
0,0.4700,0.848369,0.643377
0,0.4600,0.849341,0.656477
0,0.4500,0.848429,0.668122
0,0.4400,0.836918,0.679767
0,0.4300,0.830420,0.691412
0,0.4200,0.827586,0.698690
0,0.4100,0.827703,0.713246
0,0.4000,0.827815,0.727802
0,0.3900,0.825163,0.735080
0,0.3800,0.822866,0.743814
0,0.3700,0.820350,0.751092
0,0.3600,0.819466,0.759825
0,0.3500,0.815217,0.764192
0,0.3400,0.807927,0.771470
0,0.3300,0.806548,0.788937
0,0.3200,0.806122,0.804949
0,0.3100,0.800570,0.818049
0,0.3000,0.796634,0.826783
0,0.2900,0.792066,0.842795
0,0.2800,0.786863,0.854440
0,0.2700,0.783180,0.867540
0,0.2600,0.777778,0.876274
0,0.2500,0.771863,0.886463
0,0.2400,0.767123,0.896652
0,0.2300,0.759804,0.902475
0,0.2200,0.753920,0.909753
0,0.2100,0.742621,0.915575
0,0.2000,0.741481,0.918486
0,0.1900,0.740698,0.927220
0,0.1800,0.731735,0.933042
0,0.1700,0.730552,0.943231
0,0.1600,0.728682,0.957787
0,0.1500,0.723987,0.962154
0,0.1400,0.717204,0.970888
0,0.1300,0.709609,0.978166
0,0.1200,0.708290,0.982533
0,0.1100,0.699793,0.983988
0,0.1000,0.694045,0.983988
0,0.0900,0.684476,0.988355
0,0.0800,0.675944,0.989811
0,0.0700,0.664062,0.989811
0,0.0600,0.659595,0.995633
0,0.0500,0.653626,0.997089
0,0.0400,0.648061,0.997089
0,0.0300,0.643527,0.998544
0,0.0200,0.638734,0.998544
0,0.0100,0.629936,0.998544
0,0.0000,0.625683,1.000000
1,1.0000,1.000000,0.000000
1,0.9900,0.000000,0.000000
1,0.9800,0.000000,0.000000
1,0.9700,0.000000,0.000000
1,0.9600,0.000000,0.000000
1,0.9500,0.000000,0.000000
1,0.9400,0.200000,0.007143
1,0.9300,0.200000,0.007143
1,0.9200,0.200000,0.007143
1,0.9100,0.333333,0.014286
1,0.9000,0.333333,0.014286
1,0.8900,0.333333,0.014286
1,0.8800,0.333333,0.014286
1,0.8700,0.333333,0.014286
1,0.8600,0.333333,0.014286
1,0.8500,0.444444,0.028571
1,0.8400,0.363636,0.028571
1,0.8300,0.363636,0.028571
1,0.8200,0.363636,0.028571
1,0.8100,0.363636,0.028571
1,0.8000,0.357143,0.035714
1,0.7900,0.375000,0.042857
1,0.7800,0.352941,0.042857
1,0.7700,0.333333,0.042857
1,0.7600,0.333333,0.042857
1,0.7500,0.315789,0.042857
1,0.7400,0.315789,0.042857
1,0.7300,0.350000,0.050000
1,0.7200,0.380952,0.057143
1,0.7100,0.434783,0.071429
1,0.7000,0.416667,0.071429
1,0.6900,0.423077,0.078571
1,0.6800,0.407407,0.078571
1,0.6700,0.407407,0.078571
1,0.6600,0.413793,0.085714
1,0.6500,0.451613,0.100000
1,0.6400,0.437500,0.100000
1,0.6300,0.437500,0.100000
1,0.6200,0.437500,0.100000
1,0.6100,0.437500,0.100000
1,0.6000,0.437500,0.100000
1,0.5900,0.424242,0.100000
1,0.5800,0.457143,0.114286
1,0.5700,0.457143,0.114286
1,0.5600,0.459459,0.121429
1,0.5500,0.459459,0.121429
1,0.5400,0.473684,0.128571
1,0.5300,0.511628,0.157143
1,0.5200,0.522727,0.164286
1,0.5100,0.521739,0.171429
1,0.5000,0.510204,0.178571
1,0.4900,0.500000,0.178571
1,0.4800,0.509434,0.192857
1,0.4700,0.500000,0.207143
1,0.4600,0.491525,0.207143
1,0.4500,0.484375,0.221429
1,0.4400,0.476923,0.221429
1,0.4300,0.476923,0.221429
1,0.4200,0.477612,0.228571
1,0.4100,0.477612,0.228571
1,0.4000,0.486111,0.250000
1,0.3900,0.466667,0.250000
1,0.3800,0.467532,0.257143
1,0.3700,0.455696,0.257143
1,0.3600,0.441860,0.271429
1,0.3500,0.449438,0.285714
1,0.3400,0.414141,0.292857
1,0.3300,0.398148,0.307143
1,0.3200,0.387387,0.307143
1,0.3100,0.382114,0.335714
1,0.3000,0.380597,0.364286
1,0.2900,0.370629,0.378571
1,0.2800,0.370130,0.407143
1,0.2700,0.371951,0.435714
1,0.2600,0.361582,0.457143
1,0.2500,0.351064,0.471429
1,0.2400,0.338095,0.507143
1,0.2300,0.321739,0.528571
1,0.2200,0.312500,0.535714
1,0.2100,0.291188,0.542857
1,0.2000,0.278986,0.550000
1,0.1900,0.267974,0.585714
1,0.1800,0.259259,0.600000
1,0.1700,0.255747,0.635714
1,0.1600,0.240642,0.642857
1,0.1500,0.232911,0.657143
1,0.1400,0.227273,0.678571
1,0.1300,0.218750,0.700000
1,0.1200,0.213080,0.721429
1,0.1100,0.204771,0.735714
1,0.1000,0.198543,0.778571
1,0.0900,0.191201,0.807143
1,0.0800,0.185600,0.828571
1,0.0700,0.178306,0.857143
1,0.0600,0.170596,0.878571
1,0.0500,0.168212,0.907143
1,0.0400,0.159800,0.914286
1,0.0300,0.151030,0.942857
1,0.0200,0.146079,0.971429
1,0.0100,0.135108,0.978571
1,0.0000,0.127505,1.000000
2,1.0000,1.000000,0.000000
2,0.9900,1.000000,0.000000
2,0.9800,0.000000,0.000000
2,0.9700,0.000000,0.000000
2,0.9600,0.000000,0.000000
2,0.9500,0.000000,0.000000
2,0.9400,0.000000,0.000000
2,0.9300,0.000000,0.000000
2,0.9200,0.000000,0.000000
2,0.9100,0.000000,0.000000
2,0.9000,0.000000,0.000000
2,0.8900,0.000000,0.000000
2,0.8800,0.000000,0.000000
2,0.8700,0.000000,0.000000
2,0.8600,0.000000,0.000000
2,0.8500,0.000000,0.000000
2,0.8400,0.000000,0.000000
2,0.8300,0.000000,0.000000
2,0.8200,0.000000,0.000000
2,0.8100,0.000000,0.000000
2,0.8000,0.000000,0.000000
2,0.7900,0.000000,0.000000
2,0.7800,0.000000,0.000000
2,0.7700,0.000000,0.000000
2,0.7600,0.000000,0.000000
2,0.7500,0.333333,0.010989
2,0.7400,0.333333,0.010989
2,0.7300,0.333333,0.010989
2,0.7200,0.333333,0.010989
2,0.7100,0.333333,0.010989
2,0.7000,0.250000,0.010989
2,0.6900,0.250000,0.010989
2,0.6800,0.250000,0.010989
2,0.6700,0.250000,0.010989
2,0.6600,0.200000,0.010989
2,0.6500,0.166667,0.010989
2,0.6400,0.166667,0.010989
2,0.6300,0.142857,0.010989
2,0.6200,0.142857,0.010989
2,0.6100,0.125000,0.010989
2,0.6000,0.125000,0.010989
2,0.5900,0.222222,0.021978
2,0.5800,0.181818,0.021978
2,0.5700,0.250000,0.032967
2,0.5600,0.333333,0.054945
2,0.5500,0.333333,0.054945
2,0.5400,0.375000,0.065934
2,0.5300,0.388889,0.076923
2,0.5200,0.388889,0.076923
2,0.5100,0.388889,0.076923
2,0.5000,0.388889,0.076923
2,0.4900,0.368421,0.076923
2,0.4800,0.363636,0.087912
2,0.4700,0.375000,0.098901
2,0.4600,0.346154,0.098901
2,0.4500,0.321429,0.098901
2,0.4400,0.322581,0.109890
2,0.4300,0.312500,0.109890
2,0.4200,0.312500,0.109890
2,0.4100,0.294118,0.109890
2,0.4000,0.324324,0.131868
2,0.3900,0.333333,0.142857
2,0.3800,0.317073,0.142857
2,0.3700,0.295455,0.142857
2,0.3600,0.282609,0.142857
2,0.3500,0.260000,0.142857
2,0.3400,0.285714,0.175824
2,0.3300,0.283333,0.186813
2,0.3200,0.285714,0.197802
2,0.3100,0.260870,0.197802
2,0.3000,0.227848,0.197802
2,0.2900,0.238636,0.230769
2,0.2800,0.213592,0.241758
2,0.2700,0.214286,0.263736
2,0.2600,0.218487,0.285714
2,0.2500,0.234375,0.329670
2,0.2400,0.236111,0.373626
2,0.2300,0.223602,0.395604
2,0.2200,0.212644,0.406593
2,0.2100,0.194872,0.417582
2,0.2000,0.187793,0.439560
2,0.1900,0.175732,0.461538
2,0.1800,0.163498,0.472527
2,0.1700,0.159864,0.516484
2,0.1600,0.158228,0.549451
2,0.1500,0.154519,0.582418
2,0.1400,0.148649,0.604396
2,0.1300,0.143577,0.626374
2,0.1200,0.137209,0.648352
2,0.1100,0.130252,0.681319
2,0.1000,0.122093,0.692308
2,0.0900,0.118182,0.714286
2,0.0800,0.109612,0.714286
2,0.0700,0.106416,0.747253
2,0.0600,0.101920,0.758242
2,0.0500,0.101671,0.802198
2,0.0400,0.098573,0.835165
2,0.0300,0.091776,0.846154
2,0.0200,0.091803,0.923077
2,0.0100,0.087045,0.945055
2,0.0000,0.082878,1.000000
3,1.0000,1.000000,0.000000
3,0.9900,1.000000,0.000000
3,0.9800,1.000000,0.000000
3,0.9700,1.000000,0.000000
3,0.9600,1.000000,0.000000
3,0.9500,1.000000,0.000000
3,0.9400,1.000000,0.000000
3,0.9300,1.000000,0.000000
3,0.9200,1.000000,0.000000
3,0.9100,1.000000,0.000000
3,0.9000,1.000000,0.000000
3,0.8900,0.000000,0.000000
3,0.8800,0.000000,0.000000
3,0.8700,0.000000,0.000000
3,0.8600,0.000000,0.000000
3,0.8500,0.000000,0.000000
3,0.8400,0.000000,0.000000
3,0.8300,0.000000,0.000000
3,0.8200,0.000000,0.000000
3,0.8100,0.000000,0.000000
3,0.8000,0.000000,0.000000
3,0.7900,0.000000,0.000000
3,0.7800,0.000000,0.000000
3,0.7700,0.000000,0.000000
3,0.7600,0.000000,0.000000
3,0.7500,0.000000,0.000000
3,0.7400,0.000000,0.000000
3,0.7300,0.000000,0.000000
3,0.7200,0.000000,0.000000
3,0.7100,0.000000,0.000000
3,0.7000,0.090909,0.008929
3,0.6900,0.090909,0.008929
3,0.6800,0.076923,0.008929
3,0.6700,0.071429,0.008929
3,0.6600,0.071429,0.008929
3,0.6500,0.066667,0.008929
3,0.6400,0.166667,0.026786
3,0.6300,0.166667,0.026786
3,0.6200,0.157895,0.026786
3,0.6100,0.200000,0.035714
3,0.6000,0.181818,0.035714
3,0.5900,0.166667,0.035714
3,0.5800,0.160000,0.035714
3,0.5700,0.153846,0.035714
3,0.5600,0.214286,0.053571
3,0.5500,0.214286,0.053571
3,0.5400,0.214286,0.053571
3,0.5300,0.241379,0.062500
3,0.5200,0.250000,0.071429
3,0.5100,0.235294,0.071429
3,0.5000,0.216216,0.071429
3,0.4900,0.216216,0.071429
3,0.4800,0.256410,0.089286
3,0.4700,0.268293,0.098214
3,0.4600,0.255814,0.098214
3,0.4500,0.282609,0.116071
3,0.4400,0.282609,0.116071
3,0.4300,0.276596,0.116071
3,0.4200,0.270833,0.116071
3,0.4100,0.280000,0.125000
3,0.4000,0.274510,0.125000
3,0.3900,0.267857,0.133929
3,0.3800,0.250000,0.133929
3,0.3700,0.265625,0.151786
3,0.3600,0.257143,0.160714
3,0.3500,0.256410,0.178571
3,0.3400,0.266667,0.214286
3,0.3300,0.268041,0.232143
3,0.3200,0.252427,0.232143
3,0.3100,0.247788,0.250000
3,0.3000,0.237705,0.258929
3,0.2900,0.230769,0.267857
3,0.2800,0.202703,0.267857
3,0.2700,0.205882,0.312500
3,0.2600,0.198953,0.339286
3,0.2500,0.187793,0.357143
3,0.2400,0.181070,0.392857
3,0.2300,0.172285,0.410714
3,0.2200,0.168350,0.446429
3,0.2100,0.168712,0.491071
3,0.2000,0.153846,0.500000
3,0.1900,0.148615,0.526786
3,0.1800,0.146172,0.562500
3,0.1700,0.146552,0.607143
3,0.1600,0.140845,0.625000
3,0.1500,0.141243,0.669643
3,0.1400,0.138489,0.687500
3,0.1300,0.138514,0.732143
3,0.1200,0.133013,0.741071
3,0.1100,0.129179,0.758929
3,0.1000,0.126822,0.776786
3,0.0900,0.123783,0.794643
3,0.0800,0.122995,0.821429
3,0.0700,0.120865,0.848214
3,0.0600,0.117216,0.857143
3,0.0500,0.112660,0.866071
3,0.0400,0.111602,0.901786
3,0.0300,0.108879,0.919643
3,0.0200,0.109184,0.955357
3,0.0100,0.107108,0.982143
3,0.0000,0.102004,1.000000
4,1.0000,1.000000,0.000000
4,0.9900,1.000000,0.000000
4,0.9800,1.000000,0.014706
4,0.9700,1.000000,0.014706
4,0.9600,0.500000,0.014706
4,0.9500,0.666667,0.029412
4,0.9400,0.666667,0.029412
4,0.9300,0.500000,0.029412
4,0.9200,0.500000,0.029412
4,0.9100,0.500000,0.029412
4,0.9000,0.500000,0.029412
4,0.8900,0.400000,0.029412
4,0.8800,0.333333,0.029412
4,0.8700,0.285714,0.029412
4,0.8600,0.285714,0.029412
4,0.8500,0.285714,0.029412
4,0.8400,0.285714,0.029412
4,0.8300,0.285714,0.029412
4,0.8200,0.285714,0.029412
4,0.8100,0.285714,0.029412
4,0.8000,0.285714,0.029412
4,0.7900,0.375000,0.044118
4,0.7800,0.375000,0.044118
4,0.7700,0.333333,0.044118
4,0.7600,0.363636,0.058824
4,0.7500,0.363636,0.058824
4,0.7400,0.333333,0.058824
4,0.7300,0.333333,0.058824
4,0.7200,0.333333,0.073529
4,0.7100,0.333333,0.073529
4,0.7000,0.333333,0.073529
4,0.6900,0.333333,0.073529
4,0.6800,0.352941,0.088235
4,0.6700,0.388889,0.102941
4,0.6600,0.476190,0.147059
4,0.6500,0.434783,0.147059
4,0.6400,0.416667,0.147059
4,0.6300,0.400000,0.147059
4,0.6200,0.423077,0.161765
4,0.6100,0.392857,0.161765
4,0.6000,0.392857,0.161765
4,0.5900,0.392857,0.161765
4,0.5800,0.413793,0.176471
4,0.5700,0.406250,0.191176
4,0.5600,0.400000,0.205882
4,0.5500,0.432432,0.235294
4,0.5400,0.432432,0.235294
4,0.5300,0.410256,0.235294
4,0.5200,0.425000,0.250000
4,0.5100,0.414634,0.250000
4,0.5000,0.414634,0.250000
4,0.4900,0.414634,0.250000
4,0.4800,0.414634,0.250000
4,0.4700,0.404762,0.250000
4,0.4600,0.395349,0.250000
4,0.4500,0.391304,0.264706
4,0.4400,0.375000,0.264706
4,0.4300,0.375000,0.264706
4,0.4200,0.367347,0.264706
4,0.4100,0.360000,0.264706
4,0.4000,0.345455,0.279412
4,0.3900,0.345455,0.279412
4,0.3800,0.350877,0.294118
4,0.3700,0.350000,0.308824
4,0.3600,0.354839,0.323529
4,0.3500,0.338462,0.323529
4,0.3400,0.338235,0.338235
4,0.3300,0.342857,0.352941
4,0.3200,0.369863,0.397059
4,0.3100,0.341772,0.397059
4,0.3000,0.333333,0.397059
4,0.2900,0.333333,0.411765
4,0.2800,0.329412,0.411765
4,0.2700,0.325843,0.426471
4,0.2600,0.312500,0.441176
4,0.2500,0.303922,0.455882
4,0.2400,0.304762,0.470588
4,0.2300,0.290598,0.500000
4,0.2200,0.269841,0.500000
4,0.2100,0.261538,0.500000
4,0.2000,0.244604,0.500000
4,0.1900,0.231293,0.500000
4,0.1800,0.224359,0.514706
4,0.1700,0.216867,0.529412
4,0.1600,0.210227,0.544118
4,0.1500,0.204188,0.573529
4,0.1400,0.194313,0.602941
4,0.1300,0.183857,0.602941
4,0.1200,0.179487,0.617647
4,0.1100,0.170543,0.647059
4,0.1000,0.153846,0.647059
4,0.0900,0.141975,0.676471
4,0.0800,0.135057,0.691176
4,0.0700,0.129870,0.735294
4,0.0600,0.121560,0.779412
4,0.0500,0.114108,0.808824
4,0.0400,0.106262,0.823529
4,0.0300,0.096667,0.852941
4,0.0200,0.086831,0.882353
4,0.0100,0.076642,0.926471
4,0.0000,0.061931,1.000000
